value,count,share
Samantha,2,0.3333333333333333
Sarah,1,0.16666666666666666
John,1,0.16666666666666666
Emily,1,0.16666666666666666
Robert,1,0.16666666666666666
