value,count,share
IT,10,0.4166666666666667
Operations,4,0.16666666666666666
Creative,4,0.16666666666666666
Finance,3,0.125
Marketing,3,0.125
