value,count,share
Martinez,2,0.3333333333333333
Johnson,1,0.16666666666666666
Smith,1,0.16666666666666666
Williams,1,0.16666666666666666
Brown,1,0.16666666666666666
