Model,Accuracy,ROC-AUC
Dummy Classifire,0.815,0.8746267971154288
Logistic Regression,0.8033333333333333,0.8748794267603692
